model,target,accuracy,macro_f1,mae
Rule-based,department,0.6026315789473684,0.4491894091160007,
Rule-based,seniority,0.5368421052631579,0.4261620073139724,
Rule-based,department,0.6026315789473684,0.44918940911600075,
Rule-based,seniority,0.5368421052631579,0.42616200731397247,
